<?xml version="1.0" encoding="utf-8" standalone="no" ?>
<placeable>
    <storeData>
        <name>$l10n_GlobalCompanyPlaceable_GlobalMarket_shopItem</name>
        <functions>
            <function>$l10n_GlobalCompanyPlaceable_GlobalMarket_function</function>
        </functions>
        <specs>
        
        </specs>
        <image>store_globalMarket.dds</image>
        <price>35000</price>
        <lifetime>1000</lifetime>
        <dailyUpkeep>0</dailyUpkeep>
        <rotation>0</rotation>
        <brand>GCPLACEABLE</brand>
        <species>placeable</species>
        <category>globalCompanyPlaceable</category>
        <vertexBufferMemoryUsage>180404</vertexBufferMemoryUsage>
        <indexBufferMemoryUsage>32964</indexBufferMemoryUsage>
        <textureMemoryUsage>5680200</textureMemoryUsage>
        <instanceVertexBufferMemoryUsage>0</instanceVertexBufferMemoryUsage>
        <instanceIndexBufferMemoryUsage>0</instanceIndexBufferMemoryUsage>
    </storeData>

    <placeableType>GC_GlobalMarketPlaceable</placeableType>
    <filename>globalMarket.i3d</filename>
    <placement testSizeX="25" testSizeZ="25" sizeX="50" sizeZ="50" useRandomYRotation="false" useManualYRotation="true" />

    <globalMarkets>
        <globalMarket indexName="GLOBALMARKET" saveId="globalCompany_globalMarket">
            <data>
                <capacityPerFillType>1000000</capacityPerFillType>
            </data>

            <loadingTrigger triggerNode="loadingTrigger" fillLitersPerSecond="1000" autoStart="true">
                <dischargeInfo dischargeNode="dischargeNode" />
                <sounds fillSoundIdentifier="fillSound01" />
                
                <effectNode effectNode="grain" materialType="unloading" materialTypeId="3" fadeTime="0.5" />
                <effectNode effectNode="smoke" materialType="smoke"    materialTypeId="1" fadeTime="0.5" />
            </loadingTrigger>

            <loadingTrigger2 triggerNode="loadingTrigger2" fillLitersPerSecond="1000" autoStart="true">
                <dischargeInfo dischargeNode="dischargeNode2" />
                <sounds fillSoundIdentifier="fillSound01" />
                
                <effectNode effectNode="grain2" materialType="unloading" materialTypeId="3" fadeTime="0.5" />
                <effectNode effectNode="smoke2" materialType="smoke"    materialTypeId="1" fadeTime="0.5" />
            </loadingTrigger2>
            <loadingTriggerLiquid triggerNode="loadingTriggerLiquid" fillLitersPerSecond="1000" fillLitersPerSecondFuel="2" autoStart="true">
                <dischargeInfo dischargeNode="dischargeNode" />
                <sounds fillSoundIdentifier="fillSound01" />
            </loadingTriggerLiquid>
                        
            <unloadingTrigger exactFillRootNode="exactFillRootNode" />
            <unloadingTriggerLiquid exactFillRootNode="exactFillRootNodeLiquid" />
            <unloadingTriggerPalletBale exactFillRootNode="exactFillRootNodePalletBale" baleTriggerNode="baleTrigger" palletTriggerNode="palletTrigger" />
            
            <objectSpawner>
                <area startNode="start1" endNode="end1" />
                <area startNode="start2" endNode="end2" />
                <area startNode="start3" endNode="end3" />
            </objectSpawner>
               			 
            <playerTrigger playerTriggerNode="playerTrigger" />         

            <i3dMappings>
                <i3dMapping id="dischargeNode" node="1|0|0|1" />
                <i3dMapping id="smoke" node="1|0|0|2|1" />
                <i3dMapping id="grain" node="1|0|0|2|0" />
                <i3dMapping id="loadingTrigger" node="1|0|0|0" />
                <i3dMapping id="loadingTriggerLiquid" node="1|1" />
                <i3dMapping id="audio1" node="1|2" />
                <i3dMapping id="exactFillRootNode" node="0|0|0|0" />   
                <i3dMapping id="exactFillRootNodeLiquid" node="0|1" />   
                <i3dMapping id="playerTrigger" node="2" />
                <i3dMapping id="smoke2" node="1|0|1|2|1"/>
                <i3dMapping id="grain2" node="1|0|1|2|0"/>
                <i3dMapping id="loadingTrigger2" node="1|0|1|0"/>
                <i3dMapping id="dischargeNode2" node="1|0|1|1" />
                <i3dMapping id="exactFillRootNodePalletBale" node="0|0|0|1"/>
                <i3dMapping id="palletTrigger" node="0|0|0|1|0"/>
                <i3dMapping id="baleTrigger" node="0|0|0|1|1"/>
                <i3dMapping id="start1" node="1|3|0"/>
                <i3dMapping id="end1" node="1|3|0|0"/>
                <i3dMapping id="start2" node="1|3|1"/>
                <i3dMapping id="end2" node="1|3|1|0"/>
                <i3dMapping id="start3" node="1|3|2"/>
                <i3dMapping id="end3" node="1|3|2|0"/>
            </i3dMappings>
        </globalMarket>
    </globalMarkets>
    	
    <triggerMarkers>
        <triggerMarker node="5" />
    </triggerMarkers>
	
    <clearAreas>
        <clearArea startNode="3|0" widthNode="3|0|0" heightNode="3|0|1"/>
    </clearAreas>
	
    <leveling requireLeveling="true" maxSmoothDistance="10" maxSlope="75" maxEdgeAngle="30">
        <levelAreas>
            <levelArea startNode="3|0" widthNode="3|0|0" heightNode="3|0|1" groundType="asphalt"/>
            <levelArea startNode="3|1" widthNode="3|1|0" heightNode="3|1|1" groundType="grass"/>
            <levelArea startNode="3|2" widthNode="3|2|0" heightNode="3|2|1" groundType="dirt"/>
        </levelAreas>
    </leveling>

    <dayNightObjects>
        <dayNightObject node="6|0|0|0" intensityDay="0" intensityNight="1" />
        <dayNightObject node="6|0|0|1" visibleDay="false" visibleNight="true" />
        <dayNightObject node="6|1|0|0" intensityDay="0" intensityNight="1" />
        <dayNightObject node="6|1|0|1" visibleDay="false" visibleNight="true" />
        <dayNightObject node="6|2|0|0" intensityDay="0" intensityNight="1" />
        <dayNightObject node="6|2|0|1" visibleDay="false" visibleNight="true" />
        <dayNightObject node="6|3|0|0" intensityDay="0" intensityNight="1" />
        <dayNightObject node="6|3|0|1" visibleDay="false" visibleNight="true" />
        <dayNightObject node="6|4|0|0" intensityDay="0" intensityNight="1" />
        <dayNightObject node="6|4|0|1" visibleDay="false" visibleNight="true" />
        <dayNightObject node="6|5|0|0" intensityDay="0" intensityNight="1" />
        <dayNightObject node="6|5|0|1" visibleDay="false" visibleNight="true" />
        <dayNightObject node="6|6|0|0" intensityDay="0" intensityNight="1" />
        <dayNightObject node="6|6|0|1" visibleDay="false" visibleNight="true" />
        <dayNightObject node="6|7|0|0" intensityDay="0" intensityNight="1" />
        <dayNightObject node="6|7|0|1" visibleDay="false" visibleNight="true" />
        <dayNightObject node="6|8|0|0" intensityDay="0" intensityNight="1" />
        <dayNightObject node="6|8|0|1" visibleDay="false" visibleNight="true" />
        <dayNightObject node="6|9|0|0" intensityDay="0" intensityNight="1" />
        <dayNightObject node="6|9|0|1" visibleDay="false" visibleNight="true" />
        <dayNightObject node="6|10|0|0" intensityDay="0" intensityNight="1" />
        <dayNightObject node="6|10|0|1" visibleDay="false" visibleNight="true" />
        <dayNightObject node="6|11|0|0" intensityDay="0" intensityNight="1" />
        <dayNightObject node="6|11|0|1" visibleDay="false" visibleNight="true" />
        <dayNightObject node="6|12|0|0" intensityDay="0" intensityNight="1" />
        <dayNightObject node="6|12|0|1" visibleDay="false" visibleNight="true" />
        <dayNightObject node="6|13|0|0" intensityDay="0" intensityNight="1" />
        <dayNightObject node="6|13|0|1" visibleDay="false" visibleNight="true" />
    </dayNightObjects>

    <tipOcclusionUpdateArea sizeX="50" sizeZ="50" />
</placeable>